{
  "hash": "34261724",
  "browserHash": "1489d6d4",
  "optimized": {
    "@angular/common": {
      "src": "../../../../../node_modules/@angular/common/fesm2022/common.mjs",
      "file": "@angular_common.js",
      "fileHash": "021a2e09",
      "needsInterop": false
    },
    "@angular/core": {
      "src": "../../../../../node_modules/@angular/core/fesm2022/core.mjs",
      "file": "@angular_core.js",
      "fileHash": "d9db5e53",
      "needsInterop": false
    },
    "@angular/platform-browser": {
      "src": "../../../../../node_modules/@angular/platform-browser/fesm2022/platform-browser.mjs",
      "file": "@angular_platform-browser.js",
      "fileHash": "a40dbd62",
      "needsInterop": false
    },
    "@angular/router": {
      "src": "../../../../../node_modules/@angular/router/fesm2022/router.mjs",
      "file": "@angular_router.js",
      "fileHash": "69f5a672",
      "needsInterop": false
    }
  },
  "chunks": {
    "chunk-X7JLKNB6": {
      "file": "chunk-X7JLKNB6.js"
    },
    "chunk-IBOIJDAZ": {
      "file": "chunk-IBOIJDAZ.js"
    },
    "chunk-7EWUOI4Z": {
      "file": "chunk-7EWUOI4Z.js"
    }
  }
}